{"cameraMode":{"drawMode":0,"name":"Shaded","section":"Shading Mode"},"sceneLighting":true,"audioPlay":false,"sceneViewState":{"showFog":true,"showMaterialUpdate":false,"showSkybox":true,"showFlares":true,"showImageEffects":true,"showParticleSystems":true},"in2DMode":false,"pivot":{"x":-16.48286247253418,"y":-0.9832702875137329,"z":-9.283247947692871},"rotation":{"x":0.029930761083960534,"y":-0.8591461777687073,"z":0.05058417096734047,"w":0.5083524584770203},"size":28.649723052978517,"orthographic":false}